{
  "BitcoinSilver": {
    "name": "BitcoinSilver",
    "canonicalName": "BitcoinSilver",
    "symbol": "BTCS",
    "family": "bitcoin",
    "website": "https://bitcoinsilver.top/",
    "market": "",
    "github": "https://github.com/bitcoin-silver/core/releases",
    "coinbaseHasher": {
      "hash": "sha256d"
    },
    "headerHasher": {
      "hash": "sha256d"
    },
    "blockHasher": {
      "hash": "reverse",
      "args": [
        {
          "hash": "sha256d"
        }
      ]
    },
    "explorerBlockLink": "http://explorer.btcs.pools4mining.com/block/$hash$",
    "explorerTxLink": "http://explorer.btcs.pools4mining.com/tx/{0}",
    "explorerAccountLink": "http://explorer.btcs.pools4mining.com/address/{0}"
  },

  "aurum": {
    "name": "aurum",
    "canonicalName": "Aurum",
    "symbol": "ACG",
    "family": "bitcoin",
    "website": "https://aurumcrypto.gold/",
    "market": "",
    "github": "https://github.com/SariKuHu/Aurum/releases",
    "coinbaseHasher": {
      "hash": "sha256d"
    },
    "headerHasher": {
      "hash": "sha256d"
    },
    "blockHasher": {
      "hash": "reverse",
      "args": [
        {
          "hash": "sha256d"
        }
      ]
    },
    "explorerBlockLink": "https://blocks.aurumcrypto.gold/block/$hash$",
    "explorerTxLink": "https://blocks.aurumcrypto.gold/tx/{0}",
    "explorerAccountLink": "https://blocks.aurumcrypto.gold/address/{0}"
  },

  "bitcoinII": {
    "name": "BitcoinII",
    "canonicalName": "BitcoinII",
    "symbol": "BC2",
    "family": "bitcoin",
    "website": "https://bitcoin-ii.org/",
    "market": "",
    "github": "https://github.com/Bitcoin-II/BitcoinII-Core/releases",
    "coinbaseHasher": {
      "hash": "sha256d"
    },
    "headerHasher": {
      "hash": "sha256d"
    },
    "blockHasher": {
      "hash": "reverse",
      "args": [
        {
          "hash": "sha256d"
        }
      ]
    },
    "explorerBlockLink": "https://bitcoinii.ddns.net/explorer/block/$hash$",
    "explorerTxLink": "https://bitcoinii.ddns.net/explorer/tx/{0}",
    "explorerAccountLink": "https://bitcoinii.ddns.net/explorer/address/{0}"
  },

  "blackgoldcoin": {
    "name": "BlackGoldCOin",
    "canonicalName": "BlackGoldCOin",
    "symbol": "BGCO",
    "family": "bitcoin",
    "website": "https://www.blackgoldcoin.org/",
    "market": "",
    "github": "https://github.com/BGCoinDev/bgcoin/releases",
    "coinbaseHasher": {
      "hash": "sha256d"
    },
    "headerHasher": {
      "hash": "sha256d"
    },
    "blockHasher": {
      "hash": "reverse",
      "args": [
        {
          "hash": "sha256d"
        }
      ]
    },
    "explorerBlockLink": "https://explorer.blackgoldcoin.org/block/$hash$",
    "explorerTxLink": "https://explorer.blackgoldcoin.org/tx/{0}",
    "explorerAccountLink": "https://explorer.blackgoldcoin.org/address/{0}"
  },

  "bitcoinoil": {
    "name": "Bitcoinoil",
    "canonicalName": "Bitcoinoil",
    "symbol": "BTCO",
    "family": "bitcoin",
    "website": "https://bitcoinoil.org/",
    "market": "",
    "github": "https://github.com/escapeneo/bitcoinoil/releases",
    "coinbaseHasher": {
      "hash": "sha256d"
    },
    "headerHasher": {
      "hash": "sha256d"
    },
    "blockHasher": {
      "hash": "reverse",
      "args": [
        {
          "hash": "sha256d"
        }
      ]
    },
    "explorerBlockLink": "https://chainz.cryptoid.info/btco/block.dws?$hash$.htm",
    "explorerTxLink": "https://chainz.cryptoid.info/btco/tx.dws?{0}.htm",
    "explorerAccountLink": "https://chainz.cryptoid.info/btco/address.dws?{0}.htm"
  },

  "bitcoinpurple": {
    "name": "BitcoinPurple",
    "canonicalName": "BitcoinPurple",
    "symbol": "BTCP",
    "family": "bitcoin",
    "website": "https://www.bitcoinpurple.org/",
    "market": "",
    "github": "https://github.com/BitcoinPurple/BTCP/releases",
    "coinbaseHasher": {
      "hash": "sha256d"
    },
    "headerHasher": {
      "hash": "sha256d"
    },
    "blockHasher": {
      "hash": "reverse",
      "args": [
        {
          "hash": "sha256d"
        }
      ]
    },
    "explorerBlockLink": "http://bitcoinpurple-explorer.online/block/$hash$",
    "explorerTxLink": "http://bitcoinpurple-explorer.online/tx/{0}",
    "explorerAccountLink": "http://bitcoinpurple-explorer.online/address/{0}"
  },

  "briskcoin": {
    "name": "Briskcoin",
    "canonicalName": "Briskcoin",
    "symbol": "BKC",
    "family": "bitcoin",
    "website": "https://briskcoin.org/",
    "market": "",
    "github": "https://github.com/briskcoin-project/briskcoin/releases",
    "coinbaseHasher": {
      "hash": "sha256d"
    },
    "headerHasher": {
      "hash": "sha256d"
    },
    "blockHasher": {
      "hash": "reverse",
      "args": [
        {
          "hash": "sha256d"
        }
      ]
    },
    "explorerBlockLink": "https://explorer.briskcoin.org/block/$hash$",
    "explorerTxLink": "https://explorer.briskcoin.org/tx/{0}",
    "explorerAccountLink": "https://explorer.briskcoin.org/address/{0}"
  },
  
  "digibyte-sha256": {
    "name": "Digibyte Sha256",
    "canonicalName": "Digibyte",
    "symbol": "DGB",
    "family": "bitcoin",
    "website": "https://www.digibyte.org/",
    "market": "",
    "github": "https://github.com/digibyte/digibyte/releases",
    "coinbaseHasher": {
      "hash": "sha256d"
    },
    "headerHasher": {
      "hash": "sha256d"
    },
    "blockHasher": {
      "hash": "reverse",
      "args": [
        {
          "hash": "sha256d"
        }
      ]
    },
    "explorerBlockLink": "https://chainz.cryptoid.info/dgb/block.dws?$height$.htm",
    "explorerTxLink": "https://chainz.cryptoid.info/dgb/tx.dws?{0}.htm",
    "explorerAccountLink": "https://chainz.cryptoid.info/dgb/address.dws?{0}.htm"
  },

  "fractal": {
    "name": "Fractal",
    "canonicalName": "Fractal",
    "symbol": "FB",
    "family": "bitcoin",
    "website": "https://fractalbitcoin.io/",
    "market": "",
    "github": "https://github.com/fractal-bitcoin/fractal/releases",
    "coinbaseHasher": {
      "hash": "sha256d"
    },
    "headerHasher": {
      "hash": "sha256d"
    },
    "blockHasher": {
      "hash": "reverse",
      "args": [
        {
          "hash": "sha256d"
        }
      ]
    },
    "explorerBlockLink": "https://explorer.fractalbitcoin.io/block/$hash$",
    "explorerTxLink": "https://explorer.fractalbitcoin.io/tx/{0}",
    "explorerAccountLink": "https://explorer.fractalbitcoin.io/address/{0}"
  },

  "kawra": {
    "name": "Kawra",
    "canonicalName": "Kawra",
    "symbol": "KWR",
    "family": "bitcoin",
    "website": "https://www.kawra.org/",
    "market": "",
    "github": "https://github.com/kawracoin/Kawra-Source-Code/releases",
    "coinbaseHasher": {
      "hash": "sha256d"
    },
    "headerHasher": {
      "hash": "sha256d"
    },
    "blockHasher": {
      "hash": "reverse",
      "args": [
        {
          "hash": "sha256d"
        }
      ]
    },
    "explorerBlockLink": "https://explorer.kawra.org/block/$hash$",
    "explorerTxLink": "https://explorer.kawra.org/tx/{0}",
    "explorerAccountLink": "https://explorer.kawra.org/address/{0}"
  },

  "litecoincash": {
    "name": "Litecoincash",
    "canonicalName": "Litecoincash",
    "symbol": "LCC",
    "family": "bitcoin",
    "algorithm": "sha256d",
    "website": "https://litecoinca.sh/",
    "market": "",
    "github": "https://github.com/litecoincash-project/litecoincash/releases",
    "coinbaseHasher": {
      "hash": "sha256d"
    },
    "headerHasher": {
      "hash": "sha256d"
    },
    "blockHasher": {
      "hash": "reverse",
      "args": [
        {
          "hash": "sha256d"
        }
      ]
    },
    "explorerBlockLink": "https://chainz.cryptoid.info/lcc/block.dws?$height$.htm",
    "explorerTxLink": "https://chainz.cryptoid.info/lcc/tx.dws?{0}.htm",
    "explorerAccountLink": "https://chainz.cryptoid.info/lcc/address.dws?{0}.htm"
  },

  "lambda": {
    "name": "Lambda",
    "canonicalName": "Lambda",
    "symbol": "LMC",
    "family": "bitcoin",
    "website": "https://lambdablockchain.com/",
    "market": "",
    "github": "https://github.com/lambdablockchain/lambda-node/releases",
    "coinbaseHasher": {
      "hash": "sha256d"
    },
    "headerHasher": {
      "hash": "sha256d"
    },
    "blockHasher": {
      "hash": "reverse",
      "args": [
        {
          "hash": "sha256d"
        }
      ]
    },
    "explorerBlockLink": "https://explorer.lambdablockchain.com/block/$hash$",
    "explorerTxLink": "https://explorer.lambdablockchain.com/tx/{0}",
    "explorerAccountLink": "https://explorer.lambdablockchain.com/address/{0}"
  },

  "mytherra": {
    "name": "Mytherra",
    "canonicalName": "Mytherra",
    "symbol": "MYT",
    "family": "bitcoin",
    "website": "https://mytherrablockchain.org/",
    "market": "",
    "github": "https://github.com/MYTHERRA/MYTblockchain/releases",
    "coinbaseHasher": {
      "hash": "sha256d"
    },
    "headerHasher": {
      "hash": "sha256d"
    },
    "blockHasher": {
      "hash": "reverse",
      "args": [
        {
          "hash": "sha256d"
        }
      ]
    },
    "explorerBlockLink": "https://explorer.mytherrablockchain.org/block/$hash$",
    "explorerTxLink": "https://explorer.mytherrablockchain.org/tx/{0}",
    "explorerAccountLink": "https://explorer.mytherrablockchain.org/address/{0}"
  },

  "noxcoin": {
    "name": "Noxcoin",
    "canonicalName": "Noxcoin",
    "symbol": "NXC",
    "family": "cryptonote",
    "website": "https://noxcoin.online/",
    "market": "",
    "github": "https://github.com/noxcoin-project/noxcoin/releases",
    "hash": "randomx",
    "hashVariant": 0,
    "randomXRealm": "noxcoin",
    "blobType": 16,
    "smallestUnit": 1000000000000,
    "addressPrefix": 126,
    "addressPrefixTestnet": 131,
    "addressPrefixStagenet": 648,
    "addressPrefixIntegrated": 546,
    "addressPrefixIntegratedTestnet": 45352160833,
    "addressPrefixIntegratedStagenet": 29241806401,
    "subAddressPrefix": 1083420,
    "subAddressPrefixTestnet": 253742657,
    "subAddressPrefixStagenet": 249515585,
    "explorerBlockLink": "https://explorer.noxcoin.online/block/$height$",
    "explorerTxLink": "https://explorer.noxcoin.online/tx/{0}",
    "explorerAccountLink": "https://explorer.noxcoin.online/address/{0}"
  },

  "palladium": {
    "name": "Palladium",
    "canonicalName": "Palladium",
    "symbol": "PLM",
    "family": "bitcoin",
    "website": "https://palladiumblockchain.net/",
    "market": "",
    "github": "https://github.com/NotRin7/Palladium/releases",
    "coinbaseHasher": {
      "hash": "sha256d"
    },
    "headerHasher": {
      "hash": "sha256d"
    },
    "blockHasher": {
      "hash": "reverse",
      "args": [
        {
          "hash": "sha256d"
        }
      ]
    },
    "explorerBlockLink": "https://palladium.my-explorer.com/block/$hash$",
    "explorerTxLink": "https://palladium.my-explorer.com/tx/{0}",
    "explorerAccountLink": "https://palladium.my-explorer.com/address/{0}"
  },

  "multiflex": {
    "name": "MULTIFLEX",
    "canonicalName": "MULTIFLEX",
    "symbol": "MFLEX",

    "family": "bitcoin",
    "algorithm": "sha256d",

    "website": "https://multiflexcoin.com/",
    "market": "",
    "twitter": "",
    "telegram": "",
    "github": "https://github.com/Aalnase/multiflexcoin",
    "discord": "",

    "coinbaseHasher": {
        "hash": "sha256d"
    },
    "headerHasher": {
        "hash": "sha256d"
    },
    "blockHasher": {
        "hash": "reverse",
        "args": [
            {
                "hash": "sha256d"
            }
        ]
    },

    "explorerBlockLink": "https://explorer.multiflexcoin.com/block/$hash$",
    "explorerTxLink": "https://explorer.multiflexcoin.com/tx/{0}",
    "explorerAccountLink": "https://explorer.multiflexcoin.com/address/{0}"
    },

  "rebelcoin": {
    "name": "Rebelcoin",
    "canonicalName": "Rebelcoin",
    "symbol": "RBL",
    "family": "bitcoin",
    "website": "https://rebelcoin.io/",
    "market": "",
    "github": "https://github.com/Rebelcoin-Blockchain/Rebelcoin/releases",
    "coinbaseHasher": {
      "hash": "sha256d"
    },
    "headerHasher": {
      "hash": "sha256d"
    },
    "blockHasher": {
      "hash": "reverse",
      "args": [
        {
          "hash": "sha256d"
        }
      ]
    },
    "explorerBlockLink": "https://explorer.rebelcoin.io/block/$hash$",
    "explorerTxLink": "https://explorer.rebelcoin.io/tx/{0}",
    "explorerAccountLink": "https://explorer.rebelcoin.io/address/{0}"
  }
}
